"","X.Intercept.","Fished.Protected.dummy","Fished.Unfished.dummy","complexity","fish.biom","hard.coral","macroalgae","rubble","substrate","df","logLik","AICc","delta","weight"
"8",-0.585839019088777,0.172152850041697,0.785573062392823,0.0898567069306432,0,0,0,0,0,7,-40.2197074311442,95.34264066874,0,0.0266459614552136
"7",-0.560297920886666,0,0.784201886135067,0.0836359936766002,0,0,0,0,0,6,-41.541139487733,95.7542789754661,0.411638306726047,0.0216892868615418
"195",-0.495559313708562,0,0.902669015023299,0,0,0,0,0.122847847318857,0.134214918665841,7,-40.4532271564463,95.8096801193441,0.467039450604105,0.0210967262345657
"199",-0.505914527191646,0,0.886441377735423,0.0685684601351037,0,0,0,0.11162680540422,0.121329929753862,8,-39.3445484654959,95.8598286383089,0.51718796956888,0.020574318312962
"6",-0.466906878036255,0.17246761768758,0,0.0921995589711545,0,0,0,0,0,6,-41.6348965633762,95.9417931267523,0.599152458012327,0.0197481806868041
"200",-0.526105307044939,0.153819799086389,0.873603511344508,0.0746324795895587,0,0,0,0.0989896508809843,0.115407940869593,9,-38.276416249102,96.0282423342696,0.685601665529546,0.0189127588591857
"136",-0.561606602411884,0.178527617847522,0.767541373667721,0.0866367197889021,0,0,0,0,0.0520458484977914,8,-39.5799856325322,96.3307029723815,0.98806230364147,0.0162583471419418
"196",-0.517853965753248,0.137586840316259,0.89617072667684,0,0,0,0,0.114432950087845,0.129797929157711,8,-39.6031642612635,96.377060229844,1.03441956110397,0.0158858347900093
"5",-0.442639533640861,0,0,0.0858679092125285,0,0,0,0,0,5,-42.9517612291194,96.3797129344292,1.0370722656892,0.0158647785437026
"3",-0.56207616972517,0,0.792271575156469,0,0,0,0,0,0,5,-43.1221404365039,96.7204713491984,1.37783068045835,0.0133794809203539
"197",-0.367161311705316,0,0,0.0709210509203246,0,0,0,0.104909593628383,0.117868057663584,7,-40.911693832623,96.7266134716975,1.38397280295752,0.0133384547441544
"16",-0.599732503314654,0.177959741194842,0.908294865482829,0.0939171827288485,-0.0764655383811452,0,0,0,0,8,-39.7797548275731,96.7302413624632,1.38760069372323,0.0133142814469055
"198",-0.393996421800744,0.15741356483413,0,0.0774283088364168,0,0,0,0.0930269936758881,0.113604737972679,8,-39.798998870279,96.768729447875,1.42608877913501,0.0130605104675281
"134",-0.445529252712831,0.180205299568809,0,0.0888531632887476,0,0,0,0,0.0539503037220454,7,-40.9465290977534,96.7962840019585,1.45364333321845,0.0128818060533205
"4",-0.585309260906657,0.155862195325678,0.794161745357748,0,0,0,0,0,0,6,-42.0627667833608,96.7975335667217,1.45489289798164,0.0128737602415577
"135",-0.536886024214651,0,0.768621771918219,0.0792946111101533,0,0,0,0,0.0483315101347839,7,-41.005378898361,96.9139836031736,1.57134293443355,0.0121455898886619
"193",-0.359544813941382,0,0,0,0,0,0,0.117143673445735,0.131933904475243,6,-42.1247414899414,96.9214829798828,1.57884231114275,0.0121001329895601
"24",-0.554754579641651,0.169492212680625,0.783379345747271,0.0997011063630065,0,-0.0475661470609935,0,0,0,8,-39.9638086620922,97.0983490315014,1.75570836276141,0.0110760311490452
"40",-0.590424314359419,0.172168532205562,0.783092619163774,0.0880215243506942,0,0,-0.0280503540095797,0,0,8,-40.0444662258062,97.2596641589294,1.91702349018938,0.0102177443793189
"15",-0.572197018622135,0,0.891973061125259,0.0870749686439088,-0.0682531115207752,0,0,0,0,7,-41.2012508427813,97.3057274920142,1.96308682327421,0.00998510205202954
"72",-0.583986367006508,0.164966799395309,0.812898701780376,0.088328027312464,0,0,0,0.0217914782088489,0,8,-40.1126453094933,97.3960223263037,2.05338165756366,0.00954432531668739
"23",-0.52740448683692,0,0.780685717138108,0.0943750254308759,0,-0.0514694718741176,0,0,0,7,-41.2468751605803,97.3969761276122,2.05433545887223,0.0095397747068798
"194",-0.382574298007697,0.140016239045148,0,0,0,0,0,0.109149460510664,0.128692534642314,7,-41.2504926790475,97.4042111645466,2.06157049580654,0.00950532674134769
"133",-0.421665340498627,0,0,0.0813843335359895,0,0,0,0,0.0495236590913656,6,-42.3863411258975,97.4446822517949,2.10204158305493,0.00931491433411516
"71",-0.559214480658577,0,0.824593613984934,0.0826816394626658,0,0,0,0.0320964174255328,0,7,-41.3068303948539,97.5168865961595,2.17424592741946,0.00898462367152608
"132",-0.558333614352161,0.1595522544147,0.773817904006502,0,0,0,0,0,0.056397207084507,7,-41.3287161120341,97.5606580305197,2.21801736177972,0.00879012487513831
"131",-0.535353041091079,0,0.773670857419052,0,0,0,0,0,0.0545825234342866,6,-42.4492757638572,97.5705515277145,2.22791085897447,0.00874674970871362
"1",-0.445323419773713,0,0,0,0,0,0,0,0,4,-44.6412989420227,97.5975585139667,2.25491784522671,0.00862943191682498
"207",-0.511202951752811,0,0.984877263314715,0.0712797843036796,-0.0624990756202507,0,0,0.108452931630523,0.119462610289754,9,-39.0638104611599,97.6030307583853,2.26039008964533,0.00860585300860092
"208",-0.538895953557108,0.160484271246428,0.984734631103268,0.0783027513011759,-0.0717419368642706,0,0,0.0954291794197571,0.11427260193312,10,-37.8969311959528,97.6120442100874,2.26940354134734,0.00856715605216049
"39",-0.567792508509775,0,0.783673600371903,0.082059758758419,0,0,-0.0283315565735192,0,0,7,-41.3694697011475,97.6421652087465,2.29952454000653,0.00843909714026201
"2",-0.467119103087131,0.154912596329872,0,0,0,0,0,0,0,5,-43.6045340977247,97.68525867164,2.34261800289994,0.00825920716068227
"22",-0.434890374285793,0.169218548174886,0,0.101691853010526,0,-0.0475681702018914,0,0,0,7,-41.3915652891095,97.6863563846706,2.34371571593057,0.00825467528480936
"14",-0.460796227095857,0.175953243794835,0,0.0951098866890598,-0.0556628868673326,0,0,0,0,7,-41.3952978781313,97.6938215627142,2.35118089397422,0.00822392140596365
"144",-0.575520209008307,0.184978498607201,0.89377142849107,0.0905405071080886,-0.0791092742620264,0,0,0,0.052906058023996,9,-39.1148688121694,97.7051474604045,2.36250679166446,0.0081774813775949
"203",-0.503424037775258,0,0.985183880925218,0,-0.0513728032325436,0,0,0.121288005647234,0.133877363267473,8,-40.2692860201565,97.7093037476301,2.36666307889007,0.00816050504264185
"215",-0.474293902584369,0,0.888741614126418,0.0775930739853952,0,-0.0434187648273369,0,0.112562232457524,0.116912701365674,9,-39.1329111086201,97.7412320533058,2.39859138456575,0.00803126385077028
"38",-0.46936719769364,0.172550815817843,0,0.090108564963595,0,0,-0.0305009955431998,0,0,7,-41.4244207543869,97.7520673152254,2.40942664648539,0.0079878710762393
"227",-0.498800010507185,0,0.901438213146175,0,0,0,-0.0231593598983883,0.120289443635669,0.132524688164217,8,-40.334183480417,97.8390986681511,2.49645799941105,0.00764772791601101
"231",-0.503612109369274,0,0.884214854832882,0.0674408399096668,0,0,-0.0203594882498584,0.108921693695708,0.119393928150671,9,-39.2494954403542,97.974400716774,2.63176004803395,0.00714746376051646
"21",-0.408164701219514,0,0,0.096420554023364,0,-0.0525422269595312,0,0,0,6,-42.6601460113506,97.9922920227013,2.64965135396127,0.00708381016611503
"216",-0.50209767478482,0.150706180313518,0.87422520740573,0.0825729959698905,0,-0.0383844192587827,0,0.100220381338839,0.112339090592328,10,-38.1089545439339,98.0360909060497,2.69345023730966,0.00693036499282076
"211",-0.488660447536674,0,0.906423667838697,0,0,-0.0120599923652827,0,0.123956410803012,0.133884677801469,8,-40.4354537261343,98.0416391595857,2.69899849084567,0.00691116592441958
"70",-0.46236476907957,0.16690487848432,0,0.0910768305641304,0,0,0,0.0164071456731525,0,7,-41.5737810854481,98.0507879773477,2.70814730860771,0.00687962362432798
"232",-0.528299099700939,0.154271755876242,0.86863210161985,0.0736793752522754,0,0,-0.020979433185714,0.0966085950254138,0.114004654044248,10,-38.1731854304663,98.1645526791145,2.82191201037443,0.00649921625708843
"37",-0.444660998928735,0,0,0.0839024516817552,0,0,-0.0304110708709424,0,0,6,-42.7483464903491,98.1686929806982,2.82605231195819,0.00648577581607697
"204",-0.52777507219503,0.142373022488162,0.987233441484114,0,-0.0587730838426731,0,0,0.112440085247537,0.129858992059534,9,-39.3572119639545,98.1898337639747,2.84719309523464,0.00641757969048083
"13",-0.438016612965392,0,0,0.0881768709191527,-0.0492350567075533,0,0,0,0,6,-42.7766785640032,98.2253571280064,2.88271645926635,0.00630459901435019
"69",-0.436393109672385,0,0,0.0850715913839668,0,0,0,0.0268546558850484,0,6,-42.7867455343476,98.2454910686952,2.90285039995523,0.006241449200013
"168",-0.566406357980076,0.178339533970999,0.765172195833777,0.0849793235238185,0,0,-0.0278208684849435,0,0.051901250488105,9,-39.406828108819,98.2890660537036,2.94642538496353,0.0061069343639268
"130",-0.442767361684851,0.16006023213193,0,0,0,0,0,0,0.0584966637607423,6,-42.8117714205265,98.295542841053,2.952902172313,0.00608718969407313
"129",-0.420992902598517,0,0,0,0,0,0,0,0.0560441495480348,5,-43.9272875865729,98.3307656493363,2.98812498059624,0.00598092422495333
"152",-0.539324603952147,0.176167882551098,0.766968667870638,0.0942274580485647,0,-0.0366691516279176,0,0,0.0481884988882015,9,-39.4292301961488,98.3338702283631,2.99122955962309,0.00597164730109696
"67",-0.560993062508398,0,0.836077649896019,0,0,0,0,0.034605332778928,0,6,-42.8569721324652,98.3859442649305,3.04330359619047,0.00581817012556737
"228",-0.520433630421517,0.138338369981409,0.890584234772968,0,0,0,-0.0238543013924656,0.111453076569121,0.12783586454408,9,-39.4734861576798,98.4223821514252,3.07974148268518,0.00571312898900738
"35",-0.563916858574062,0,0.789290946303147,0,0,0,-0.0329664684294119,0,0,6,-42.8917174973698,98.4554349947397,3.11279432599964,0.00561948732248075
"143",-0.548784193703617,0,0.878148506007838,0.08254456425228,-0.0698178107150259,0,0,0,0.0486921136970441,8,-40.6548267275032,98.4803851623235,3.13774449358353,0.00554981920856619
"12",-0.59649582858081,0.15996339053014,0.89045385272583,0,-0.060621923561555,0,0,0,0,7,-41.7978946877226,98.4990151818969,3.15637451315686,0.00549836261970949
"11",-0.571745751872742,0,0.876572390672617,0,-0.0539474363367632,0,0,0,0,6,-42.9177776459366,98.5075552918731,3.16491462313311,0.00547493436454558
"32",-0.568845689127755,0.175165252412103,0.905344275285353,0.1034662966104,-0.0761544944289616,-0.0469465608797104,0,0,0,9,-39.5316492535121,98.5387083430898,3.19606767434976,0.00539031466062482
"142",-0.439015029680074,0.184142511099046,0,0.0916399588911723,-0.0592169993511192,0,0,0,0.0543150742585046,8,-40.6864565921143,98.5436448915458,3.20100422280574,0.00537702629228229
"36",-0.587315813562963,0.15634435618141,0.790808586580823,0,0,0,-0.0334045082225923,0,0,7,-41.8211226640872,98.545471134626,3.202830465886,0.00537211865472874
"213",-0.338488554283262,0,0,0.0798521215807829,0,-0.0439458435086375,0,0.106407033193719,0.114419117360907,8,-40.7056124662922,98.5819566399015,3.23931597116147,0.00527500492708198
"48",-0.601976313955485,0.178034585348842,0.908446150749415,0.0919087301178255,-0.0783520878104514,0,-0.0295932892975958,0,0,9,-39.5799115814847,98.6352329990349,3.29259233029489,0.00513634344271233
"166",-0.447159347739929,0.179915857264767,0,0.0869057686573232,0,0,-0.03023791850884,0,0.0537812252566136,8,-40.7380974421472,98.6469265916114,3.30428592287136,0.00510639991110278
"206",-0.390506001023546,0.161501198862748,0,0.0799724276739437,-0.0533157752654136,0,0,0.0906302640035865,0.112827263802778,9,-39.5910143444357,98.6574385249371,3.31479785619706,0.00507963125261522
"212",-0.513918625107008,0.136891398225474,0.896424911795191,0,0,-0.00605328136855561,0,0.114844602834949,0.129590479586749,9,-39.5986485049753,98.6727068460161,3.33006617727608,0.00504100017768454
"68",-0.5833700495461,0.149284946063749,0.829245308257294,0,0,0,0,0.0278024723427136,0,7,-41.8916723886777,98.6865705838071,3.34392991506709,0.00500617745805235
"205",-0.363861409115439,0,0,0.0728566706577784,-0.0448806915190347,0,0,0.103188185554062,0.117244071468452,8,-40.7681531737993,98.7070380549158,3.36439738617574,0.00495520681668373
"229",-0.370219942009572,0,0,0.0699531744483117,0,0,-0.0230415384416743,0.102241490658251,0.116411216381494,8,-40.7892600003279,98.749251707973,3.40661103923294,0.00485171416879351
"214",-0.368777437519024,0.153817978809942,0,0.0848663377562914,0,-0.0375370925461424,0,0.0942413453816935,0.11065215548496,9,-39.6464256938388,98.7682612237431,3.42562055500306,0.00480581826056024
"150",-0.421409301854004,0.177570241085628,0,0.0958863245788164,0,-0.0357085277418469,0,0,0.0503329752107144,8,-40.8097987730545,98.7903292534261,3.44768858468611,0.00475308227044359
"230",-0.39742443872139,0.158046581581261,0,0.0763878154149955,0,0,-0.0238718814425965,0.0902496066057934,0.111944195211919,9,-39.6646042745104,98.8046183850864,3.46197771634641,0.00471924458299547
"151",-0.512503744839655,0,0.766854285221799,0.0881149461707053,0,-0.0413671929633447,0,0,0.0438378197622676,8,-40.817474330575,98.805680368467,3.46303969972699,0.00471673936852035
"167",-0.542823489982456,0,0.766948897068287,0.0777545571070335,0,0,-0.0282989068891547,0,0.0481273744250814,8,-40.8316028959079,98.833937499133,3.49129683039294,0.00465056716807303
"56",-0.550356693678562,0.168799193435442,0.779528205543934,0.0990391839376372,0,-0.057441947153662,-0.0357369727372407,0,0,9,-39.6855309432458,98.8464717225571,3.50383105381712,0.00462151268305474
"225",-0.363102253091173,0,0,0,0,0,-0.0257080099742899,0.11389863470767,0.1299152836689,7,-41.9764561511242,98.8561381087001,3.51349743996005,0.00459922991181975
"19",-0.552589552446992,0,0.791040584898561,0,0,-0.0149636600495919,0,0,0,6,-43.0951948693964,98.8623897387928,3.51974907005281,0.00458487601525986
"80",-0.59777244339105,0.171497816825057,0.928675749915311,0.0924753019664498,-0.0742533530223815,0,0,0.0188596366029558,0,9,-39.6988731677337,98.873156171533,3.53051550279298,0.00456026094919634
"31",-0.539282526025657,0,0.888155664368431,0.0976051140700328,-0.0682064559847305,-0.0512789306334858,0,0,0,8,-40.9109253679311,98.9925824431792,3.64994177443921,0.00429592419585959
"201",-0.356988523543095,0,0,0,-0.0334894808825034,0,0,0.116266520365246,0.131998111367689,7,-42.0473899388175,98.9980056840866,3.65536501534662,0.00428429105939602
"20",-0.578934632906059,0.154977527486135,0.793559377709778,0,0,-0.00976027525309016,0,0,0,7,-42.0511071615119,99.0054401294755,3.66279946073546,0.00426839495841821
"87",-0.522677312436797,0,0.826438296036413,0.0946566184870948,0,-0.0569876974404178,0,0.0363955320417508,0,8,-40.9502648973228,99.0712615019627,3.72862083322268,0.0041302055775271
"55",-0.522966619901148,0,0.77697314453119,0.0938849518871956,0,-0.0615281017307803,-0.0364603853328868,0,0,8,-40.9646550557749,99.1000418188669,3.75740115012691,0.00407119685553038
"88",-0.550186503346749,0.160638722359303,0.815488521702164,0.0988421430378731,0,-0.0513152651558481,0,0.0256000874177282,0,9,-39.8183972218645,99.1122042797946,3.76956361105458,0.00404651409602956
"209",-0.352114457785918,0,0,0,0,-0.0110033717915243,0,0.117865463838874,0.131582058493569,7,-42.1107579657941,99.1247417380399,3.78210106929984,0.00402122693725396
"79",-0.570710314110781,0,0.925415488792232,0.086065483749893,-0.0653032675497483,0,0,0.0299695029238925,0,8,-40.9950959923819,99.1609236920809,3.81828302334088,0.00394913310333335
"47",-0.574365595310867,0,0.892272699541035,0.0852201660236407,-0.0701427267606266,0,-0.0295192555678281,0,0,8,-41.0080786321176,99.1868889715522,3.84424830281219,0.00389819430648
"33",-0.447981990882812,0,0,0,0,0,-0.0355160759771312,0,0,5,-44.3743413262491,99.2248731286887,3.88223245994865,0.00382485810176306
"140",-0.569595703082438,0.164220541107062,0.875599596511952,0,-0.0645435429157488,0,0,0,0.0574888921440676,8,-41.0324220134042,99.2355757341254,3.89293506538539,0.00380444479580923
"165",-0.423667632426141,0,0,0.079560553153353,0,0,-0.030554791586782,0,0.0496227573574403,7,-42.1801690662769,99.2635639390054,3.92092327026542,0.00375157579550915
"141",-0.415915206916654,0,0,0.0835458338877343,-0.0508653688401999,0,0,0,0.0497707805890193,7,-42.2024136453214,99.3080530970943,3.96541242835433,0.00366904490676587
"149",-0.394903642033142,0,0,0.0900085314091792,0,-0.0418945952456256,0,0,0.0450328159063927,7,-42.2032914424445,99.3098086913406,3.96716802260059,0.00366582564283909
"34",-0.469928583064784,0.155890049032716,0,0,0,0,-0.0362033096987433,0,0,6,-43.3206029437267,99.3132058874535,3.97056521871347,0.00365960416391877
"54",-0.430888730318894,0.168662494817181,0,0.100912140296132,0,-0.0575289300659882,-0.0377613529827373,0,0,8,-41.0790581721564,99.3288480516299,3.98620738288987,0.00363109373587167
"226",-0.386588668373461,0.14102570030579,0,0,0,0,-0.026751247205227,0.105710977434802,0.126408249880086,8,-41.0871523510825,99.3450364094821,4.00239574074207,0.00360182164008157
"139",-0.545048703719446,0,0.86216375283163,0,-0.0570798137559771,0,0,0,0.0553417995346124,7,-42.2239143207627,99.351054447977,4.00841377923703,0.0035909999788991
"163",-0.537293599670629,0,0.770753553590027,0,0,0,-0.0324137543872155,0,0.0543205701728723,7,-42.224372203667,99.3519702137856,4.00932954504556,0.0035893560977808
"164",-0.560454283760703,0.15965345912914,0.770622597140865,0,0,0,-0.0325079666213894,0,0.0559444031906014,8,-41.0975297687852,99.3657912448874,4.02315057614739,0.00356463730482177
"65",-0.437956785629443,0,0,0,0,0,0,0.0291302240207272,0,5,-44.4525036267045,99.3811977295995,4.0385570608595,0.00353728353138848
"104",-0.589074120013169,0.165680132504138,0.808670529140329,0.0866938121472129,0,0,-0.0266029389738297,0.020045852748227,0,9,-39.9545782654351,99.3845663669358,4.0419256981958,0.00353133063339797
"202",-0.379741154771705,0.14249696462299,0,0,-0.0398804064725667,0,0,0.108006253919276,0.128790024149638,8,-41.1384586578578,99.4476490230327,4.10500835429268,0.00342168603348238
"30",-0.430177137868864,0.172569511758291,0,0.104293205969038,-0.0560639480563863,-0.0468902822726583,0,0,0,8,-41.1573268012351,99.4853853097872,4.14274464104719,0.00335773042993418
"103",-0.565714428187718,0,0.821233464213788,0.0812252090124611,0,0,-0.0258578969520889,0.0303420919067745,0,8,-41.1621574437022,99.4950465947215,4.15240592598148,0.0033415495482185
"46",-0.464890794321653,0.175638889633632,0,0.0928891411640379,-0.0585507916878922,0,-0.0319698153155918,0,0,8,-41.1645683977035,99.499868502724,4.15722783398398,0.00333350292987591
"223",-0.484398146837082,0,0.984897216841783,0.0804251351919274,-0.0627642697763094,-0.0435453127874308,0,0.110037702639404,0.116102641690688,10,-38.8517748484263,99.5217315150344,4.17909084629443,0.00329726117148222
"9",-0.441558058537075,0,0,0,-0.0342022502127265,0,0,0,0,5,-44.5600183124148,99.59622710102,4.25358643228,0.0031767046402854
"53",-0.40461911008623,0,0,0.0957765909486933,0,-0.0625896513263182,-0.03835414297405,0,0,7,-42.3467438992349,99.5967136049214,4.25407293618139,0.00317593199466247
"176",-0.577745979135709,0.18471152295534,0.894255281877268,0.0886897973177192,-0.0810772752976017,0,-0.0294406111821201,0,0.0528454635225765,10,-38.9153914711782,99.6489647605383,4.30632409179825,0.00309403341827773
"10",-0.463191190311118,0.156952283308721,0,0,-0.0399548572957958,0,0,0,0,6,-43.4911385500657,99.6542771001313,4.31163643139132,0.00308582604507644
"66",-0.460551691104174,0.149521593958593,0,0,0,0,0,0.0223367532270258,0,6,-43.4935187136513,99.6590374273026,4.31639675856262,0.0030784900082395
"224",-0.515069294853891,0.157307718621819,0.985341642306111,0.0860076891979019,-0.0716171642498703,-0.0380359796966871,0,0.0968346507632214,0.111403098389055,11,-37.7327354731578,99.6654709463157,4.32283027757565,0.00306860315657721
"210",-0.379962353741536,0.139517638661056,0,0,0,-0.00372138903752025,0,0.109401605715539,0.128568748272465,8,-41.2488738048861,99.6684793170892,4.32583864834919,0.00306399087828173
"17",-0.437077297857495,0,0,0,0,-0.0147256389838697,0,0,0,5,-44.6173021027416,99.7107946816737,4.36815401293372,0.00299984491556299
"239",-0.513436576553092,0,0.982606702194025,0.0703920074407397,-0.0641504463727508,0,-0.021840753685583,0.105862441127001,0.118093610354153,10,-38.9532382879982,99.7246583941782,4.38201772543815,0.00297912232780684
"235",-0.506362770162013,0,0.983313040168575,0,-0.0533680201449622,0,-0.024344418051238,0.118180386169119,0.131987238015353,9,-40.1352043556064,99.7458185472784,4.40317787853837,0.00294776913757018
"240",-0.541524193008121,0.161129923760537,0.982142695568117,0.0773392646663719,-0.0734220053000703,0,-0.0227628289969614,0.0927071391501034,0.112694331310722,11,-37.773996370227,99.747992740454,4.40535207171399,0.0029445663689739
"247",-0.472119370021479,0,0.882837329274698,0.0778394220392261,0,-0.0509186447025473,-0.0271169596832544,0.10962873700294,0.114644049627023,10,-38.9695679712337,99.7573177606492,4.4146770919092,0.00293086925482546
"160",-0.553388018603411,0.182535834939841,0.892420726838348,0.0978456486952941,-0.0787713321221948,-0.03591821409975,0,0,0.0491847718470375,10,-38.9708629135957,99.7599076453732,4.41726697663319,0.0029270764043613
"86",-0.426852968794432,0.162019580231064,0,0.101011760669337,0,-0.0506315437567847,0,0.0201695600338615,0,8,-41.3009110177881,99.7725537428933,4.4299130741533,0.00290862674803989
"85",-0.397340381155822,0,0,0.0966356307180154,0,-0.0574508170179025,0,0.0311684045902174,0,7,-42.4417038472216,99.7866335008948,4.44399283215476,0.00288822227445818
"147",-0.53162592648012,0,0.773265216577501,0,0,-0.00622513674944044,0,0,0.0540606941340046,7,-42.444560207553,99.7923462215577,4.44970555281765,0.00287998424192073
"148",-0.558080931356774,0.159505384443479,0.773836505037724,0,0,-0.000420214594370197,0,0,0.056360177832095,8,-41.3286660125198,99.8280637323567,4.48542306361666,0.002829007850086
"78",-0.458291029645863,0.170959915986161,0,0.0939788362677263,-0.0552356873419172,0,0,0.0144097165722366,0,8,-41.3471812367238,99.8650941807646,4.52245351202457,0.00277711006760279
"18",-0.463983659394988,0.153856905859687,0,0,0,-0.00829298906315431,0,0,0,6,-43.5968237395838,99.8656474791675,4.52300681042752,0.00277634188858313
"29",-0.403416311572855,0,0,0.0985379195914807,-0.0491255579730247,-0.0522289235794197,0,0,0,7,-42.4878181216649,99.8788620497814,4.53622138104143,0.00275805827465851
"102",-0.465442707134481,0.167771552218849,0,0.0891742121033853,0,0,-0.0294572221850162,0.0143687155236057,0,8,-41.377473601707,99.9256789107311,4.5830382419911,0.00269424624286036
"162",-0.445861313200127,0.160441909039404,0,0,0,0,-0.0353552988897951,0,0.0580062019111,7,-42.5396738817152,99.982573569882,4.63993290114196,0.00261868202789254
"219",-0.496409340479637,0,0.984831708289237,0,-0.0511454196256408,-0.0111811555596067,0,0.12206212580486,0.133539396234018,9,-40.2540615793066,99.9835329946788,4.64089232593879,0.00261742611491885
"161",-0.423652368359474,0,0,0,0,0,-0.0350041154922303,0,0.0557641834237142,6,-43.6663581252433,100.004716250487,4.66207558174663,0.00258984960928672
"45",-0.44025358597429,0,0,0.0862508990844437,-0.0512899994603563,0,-0.0314345232948306,0,0,7,-42.5569378294504,100.017101465353,4.67446079661249,0.00257386124327715
"243",-0.485812263875151,0,0.901148076483091,0,0,-0.0191180124951829,-0.0258710052928538,0.120881997473773,0.131220529289243,9,-40.2913843877926,100.058178611651,4.71553794291074,0.00252153697805955
"248",-0.5001475972756,0.150634247381051,0.868643748298561,0.082799043012237,0,-0.0459717333274612,-0.0271242463097884,0.0972817554536709,0.109880151650227,11,-37.942013043865,100.08402608773,4.74138541898991,0.00248915896781411
"101",-0.439126655711866,0,0,0.0833018105376063,0,0,-0.0284380189641403,0.0247554430293428,0,7,-42.6082110977171,100.119648001886,4.77700733314572,0.00244521714883731
"77",-0.43252830658974,0,0,0.0873375620587665,-0.0469350408964131,0,0,0.0254427405472532,0,7,-42.6270857089365,100.157397224325,4.81475655558464,0.00239949745383894
"184",-0.535365558269766,0.175074370503289,0.763447734040285,0.093857713083665,0,-0.0464445022360161,-0.0340697112999474,0,0.0470706085398394,10,-39.1749310559931,100.168043930168,4.82540326142791,0.00238675802039197
"99",-0.562769627120205,0,0.830601731292248,0,0,0,-0.0304315859531233,0.0323860759457222,0,7,-42.6594612521511,100.222148310754,4.87950764201383,0.00232305650578343
"44",-0.599112385102309,0.160703700124403,0.891549243171565,0,-0.0633651398337083,0,-0.0351143895845823,0,0,8,-41.5291484570664,100.22902862145,4.88638795270987,0.00231507856107392
"43",-0.574136970120555,0,0.877821018477529,0,-0.0565820528823979,0,-0.0344452005545404,0,0,7,-42.6648770717914,100.232979950034,4.89033928129444,0.00231050925821747
"236",-0.530856440121722,0.143339272712992,0.98462631261301,0,-0.0608621488230823,0,-0.0254649804106194,0.109121446215583,0.127723438085735,10,-39.2084113451119,100.235004508406,4.89236383966563,0.0023081715611879
"75",-0.570144059489311,0,0.91366554368598,0,-0.0507474479809026,0,0,0.0329847421570714,0,7,-42.6755145322929,100.254254871037,4.91161420229739,0.0022860615684443
"138",-0.43713882892269,0.162452566797286,0,0,-0.0440326205402166,0,0,0,0.0591668688037473,7,-42.6761411903249,100.255508187101,4.91286751836145,0.00228462943837549
"64",-0.564825544262041,0.174660542225592,0.904789633686418,0.102823699420834,-0.0783086374628666,-0.0571780391174262,-0.0372054972873958,0,0,10,-39.2255804737656,100.269342765713,4.92670209697297,0.00226888052827477
"137",-0.415868433218273,0,0,0,-0.0374719141541072,0,0,0,0.0565523717384031,6,-43.8314152218615,100.334830443723,4.99218977498299,0.00219579180238338
"174",-0.441409218310389,0.184062572734749,0,0.0896885027023592,-0.0615976951904691,0,-0.0315081821895725,0,0.0543494749781496,9,-40.4565847008021,100.38857923767,5.0459385689297,0.00213756710293408
"175",-0.550880762703224,0,0.878574220406942,0.0808083866342139,-0.0718531417681121,0,-0.029709213110781,0,0.0488293504658704,9,-40.4578136277897,100.391037091645,5.048396422905,0.00213494180251505
"159",-0.524352363600741,0,0.876160437027331,0.0911902809400761,-0.0697508594795886,-0.0411489912070005,0,0,0.0443037824807007,9,-40.4699419114935,100.415293659053,5.0726529903126,0.00210920500968483
"76",-0.594243224979939,0.153688678783254,0.918887177836447,0,-0.057900597570292,0,0,0.02576415268338,0,8,-41.6500638607364,100.47085942879,5.12821876004986,0.00205141175880272
"245",-0.337323857851496,0,0,0.0800688368110127,0,-0.0516014057967914,-0.0292611763793919,0.103119599040531,0.111922434324729,9,-40.5138851831802,100.503180202426,5.16053953368586,0.00201852658550072
"145",-0.417715321809306,0,0,0,0,-0.0055445172256429,0,0,0.0556304109099817,6,-43.9240632887514,100.520126577503,5.1774859087628,0.00200149548693185
"182",-0.418693646068449,0.175712568052817,0,0.0955120996654496,0,-0.0461320058987164,-0.035984377413266,0,0.0490988566248773,9,-40.522375998411,100.520161832887,5.17752116414746,0.00200146020549617
"100",-0.585460615226273,0.150381664855346,0.823312714704138,0,0,0,-0.0315096474536254,0.0255821325658389,0,8,-41.6759869576149,100.522705622547,5.18006495380682,0.00199891617682042
"146",-0.44419558157685,0.160280522637612,0,0,0,0.0016735663877615,0,0,0.0585750738635265,7,-42.811444930765,100.526115667982,5.18347499924153,0.0019955108832053
"83",-0.548585671058178,0,0.836343888392134,0,0,-0.0194985334711667,0,0.0359933605722048,0,7,-42.8116027962495,100.526431398951,5.18379073021053,0.00199519588577716
"220",-0.524612131201015,0.141794095946767,0.987138721662995,0,-0.0586346542414852,-0.00478199749348066,0,0.112780497457138,0.129712992396781,10,-39.3544111499153,100.527004118012,5.18436344927244,0.00199462462421615
"51",-0.547833203615685,0,0.78712680815698,0,0,-0.025512474945238,-0.0370431804107755,0,0,7,-42.8173130147573,100.537851835966,5.1952111672262,0.00198383534774971
"183",-0.508449189486388,0,0.763292117122708,0.0879139510497075,0,-0.051418669004561,-0.0352555839363055,0,0.0429185321508995,9,-40.5526515481065,100.580712932278,5.23807226353847,0.00194177298831929
"158",-0.416727314599485,0.182528543140215,0,0.100394781910033,-0.0601647956308653,-0.0346657387832854,0,0,0.0509292974126277,9,-40.5575822666823,100.59057436943,5.24793370069014,0.00193222221760685
"221",-0.334997144684252,0,0,0.0817290245571739,-0.0450956757648856,-0.04400097817778,0,0.104765633622764,0.113894900562589,9,-40.5614687313713,100.598347298808,5.25570663006812,0.00192472727802986
"96",-0.564133682118838,0.166987635491492,0.930483738487864,0.102537227420573,-0.0737770832614662,-0.0503821286167979,0,0.02271873268882,0,10,-39.4165300608025,100.651241939787,5.30860127104688,0.00187449063927487
"63",-0.535128233318993,0,0.888023003601466,0.0971422795295073,-0.0704360796945665,-0.061585719743825,-0.0378112140913381,0,0,9,-40.6040416686616,100.683493173389,5.34085250464885,0.00184450573383524
"27",-0.562879973165685,0,0.87469123356287,0,-0.0535173853480899,-0.0137950144797891,0,0,0,7,-42.8952409912701,100.693707788992,5.35106712025171,0.00183510929099913
"222",-0.365232678271186,0.157823807868227,0,0.0872756536225237,-0.0531754106319727,-0.0372471281811929,0,0.0919253777453119,0.110003463125593,10,-39.440697205539,100.69957622926,5.3569355605197,0.00182973256847079
"238",-0.39392105092522,0.162328529667049,0,0.0789706606914475,-0.0551330765425915,0,-0.0250748385808036,0.0875707888471049,0.11102928822863,10,-39.4410700669454,100.700321952073,5.35768128333254,0.001829050458986
"246",-0.367717478936774,0.153951802294291,0,0.0850284630657897,0,-0.0453358155765415,-0.0294120218481907,0.0909204276074022,0.107938675550321,10,-39.4488270023357,100.715835822853,5.37319515411313,0.00181491751777089
"52",-0.574156536357457,0.154583406980101,0.789481146404396,0,0,-0.0202965793710655,-0.0366585713372215,0,0,8,-41.7734218093259,100.717575325969,5.37493465722876,0.00181333967669684
"244",-0.511970610178823,0.136888720922276,0.890694890429178,0,0,-0.0132965843209565,-0.0258707931204012,0.112022972578589,0.127165189346287,10,-39.4526413070292,100.72346443224,5.38082376350016,0.00180800805513949
"237",-0.366881244196574,0,0,0.0719258079583537,-0.0465844448253991,0,-0.0240260419170132,0.100284878745593,0.115677842049357,9,-40.6338891430384,100.743188122142,5.40054745340244,0.0017902653915262
"28",-0.591093343626588,0.159199172928328,0.889400816923533,0,-0.0603176283344824,-0.00809408823399619,0,0,0,8,-41.7900183554266,100.75076841817,5.40812774943021,0.00178349286325787
"95",-0.534197868151361,0,0.926525004636042,0.0977617077509133,-0.0649237749920054,-0.0566333875296272,0,0.0343036458339968,0,9,-40.6451469918541,100.765703819774,5.42306315103379,0.0017702238782417
"112",-0.600372832527431,0.172421802081784,0.926562617355662,0.09065025483432,-0.0763012649626583,0,-0.028340417158308,0.0166904096725711,0,10,-39.5159956412184,100.850173100619,5.50753243187856,0.00169701594643611
"119",-0.518857825017311,0,0.820675672925204,0.0941695227271806,0,-0.0660444108527535,-0.0342211715855523,0.0344051805310749,0,9,-40.6992581153497,100.873926066765,5.53128539802492,0.00167698057564433
"84",-0.574497930388347,0.147811824537399,0.829738622154638,0,0,-0.0135363285727062,0,0.0288018968915033,0,8,-41.869529270386,100.909790248089,5.56714957934913,0.00164717682830942
"120",-0.55128149186281,0.160948339264148,0.812505872127271,0.0986330477565163,0,-0.060689027757221,-0.0343284026610569,0.0240626096203042,0,10,-39.559809413239,100.93780064466,5.59515997591981,0.0016242685819291
"233",-0.360450618695353,0,0,0,-0.0355113532340598,0,-0.0264972747416371,0.112827054886295,0.129900049883701,8,-41.8890314703489,100.948794648015,5.60615397927477,0.00161536447018946
"181",-0.391850434513295,0,0,0.0896684174183592,0,-0.0519910978955665,-0.0371934381410957,0,0.0442084210147639,8,-41.9072607288659,100.985253165049,5.64261249630893,0.00158618434771713
"172",-0.572287235971739,0.164559018252774,0.876785822988835,0,-0.0672850223116709,0,-0.0343262422953968,0,0.0570929605552747,9,-40.7727100333335,101.020829902733,5.67818923399251,0.00155821818909246
"241",-0.35099814242322,0,0,0,0,-0.018339062105009,-0.0281731856045579,0.114713732981624,0.129096620788771,8,-41.9389993579231,101.048730423163,5.70608975442326,0.0015366315595118
"97",-0.440929949642003,0,0,0,0,0,-0.0333645531154835,0.0266988976274017,0,6,-44.2156292724948,101.10325854499,5.76061787624957,0.00149530269939869
"171",-0.547475830089106,0,0.863564401556305,0,-0.0597867698091363,0,-0.0340140325955986,0,0.0551423425065951,8,-41.9749164903298,101.120564687977,5.77792401923661,0.00148241955799418
"62",-0.426024238945803,0.172263827657122,0,0.103555613547165,-0.0586019605854211,-0.0571219001069177,-0.0387497600164367,0,0,9,-40.8233547915983,101.122119419262,5.77947875052222,0.00148126762375664
"173",-0.418112174958146,0,0,0.0817614016303459,-0.0530571652537252,0,-0.0316279371432311,0,0.0499071868400082,8,-41.9785009188361,101.127733544989,5.78509287624922,0.00147711544286194
"111",-0.57280303874125,0,0.923331132988133,0.0844106148867325,-0.0672126010352944,0,-0.0272224022779086,0.0278455152717394,0,9,-40.8303813363686,101.136172508803,5.79353184006283,0.00147089591180363
"157",-0.390118532672777,0,0,0.091976940978343,-0.05075173419654,-0.0415737556503464,0,0,0.0454317618111674,8,-42.0215678522616,101.21386741184,5.87122674310029,0.00141485100316769
"41",-0.443945241105042,0,0,0,-0.0370004300766134,0,-0.0363578971266273,0,0,6,-44.2783600178376,101.228720035675,5.88607936693526,0.00140438279649557
"217",-0.349857756761956,0,0,0,-0.0332822256490748,-0.0105291925062986,0,0.116980356222529,0.131686170269528,8,-42.0346126867922,101.239957080901,5.89731641216143,0.00139651436517476
"42",-0.465877103466766,0.158038809582234,0,0,-0.0429057612776268,0,-0.0372421240395415,0,0,7,-43.1885683852043,101.28036257686,5.93772190812024,0.00136858402222206
"49",-0.432150364689625,0,0,0,0,-0.0254680790593741,-0.0391257189223745,0,0,6,-44.3053812699441,101.282762539888,5.94012187114812,0.00136694273165124
"98",-0.463973621121674,0.151057182125633,0,0,0,0,-0.0346991785654324,0.0198911701709321,0,7,-43.2323283754255,101.367882557303,6.02524188856258,0.00130998626798657
"234",-0.383673329379255,0.14370974947846,0,0,-0.0420542208217525,0,-0.0277205867202184,0.104311659964881,0.126387976327053,9,-40.9618517830675,101.399113402201,6.05647273346057,0.0012896891653634
"73",-0.435649892574148,0,0,0,-0.0317744865574969,0,0,0.0282149977768068,0,6,-44.3818723471246,101.435744694249,6.09310402550918,0.00126628268189241
"50",-0.459375662994824,0.153755333490683,0,0,0,-0.0187395245145078,-0.0389218402868475,0,0,7,-43.2811911924223,101.465608191296,6.12296752255621,0.0012475153307025
"61",-0.39919412370226,0,0,0.0979916744376799,-0.0514891959977051,-0.0624840591144681,-0.0392037338237094,0,0,8,-42.1560994298929,101.482930567103,6.14028989836278,0.00123675702312661
"117",-0.394376638435302,0,0,0.0960421571933636,0,-0.0666070025060998,-0.036363973415731,0.0290009383332806,0,8,-42.1572467976315,101.48522530258,6.14258463384012,0.00123533882177253
"118",-0.42388379990391,0.162328961049532,0,0.100317714617794,0,-0.0599802549457594,-0.0366593184604941,0.0181608808761048,0,9,-41.0052644153861,101.485938666838,6.14329799809767,0.0012348982770637
"81",-0.425496979830098,0,0,0,0,-0.0186039046327321,0,0.0304200322112805,0,6,-44.4136858321673,101.499371664335,6.1567309955946,0.00122663187604307
"255",-0.482452946550263,0,0.981803405973598,0.0807450229136586,-0.0647554327633895,-0.0513501566764416,-0.0285368349859917,0.106817167589973,0.113686982701971,11,-38.6688302258511,101.537660451702,6.19501978296215,0.00120337210996524
"156",-0.570411489548751,0.164355071285961,0.875759057884093,0,-0.0646011228632723,0.0013775528521841,0,0,0.0576022389521115,9,-41.032190843596,101.539791523258,6.19715085451755,0.00120209055681981
"179",-0.527514551677578,0,0.769655167603317,0,0,-0.016491342810578,-0.035092193266706,0,0.052941940235352,8,-42.1933422884582,101.557416284233,6.21477561549348,0.00119154381664895
"192",-0.550486186943096,0.181485377966809,0.892439782021283,0.0975017094430791,-0.0810050870089876,-0.0460205190514656,-0.0357664103934103,0,0.0482100034385076,11,-38.6877962386187,101.575592477237,6.2329518084974,0.00118076400961529
"155",-0.541998426082637,0,0.861587292342686,0,-0.0569304990114938,-0.00500766660786369,0,0,0.0549333685600216,8,-42.2209362862764,101.61260427987,6.26996361112985,0.00115911385307677
"242",-0.379033679889569,0.139648770999178,0,0,0,-0.01123075818111,-0.0282805506333459,0.106230976078643,0.125893417428758,9,-41.0729850360016,101.621379908069,6.2787392393287,0.00115403901882615
"94",-0.423292512521721,0.165967751389551,0,0.103580644373239,-0.0544748804116027,-0.0498153384622095,0,0.0181880336177223,0,9,-41.0828320658559,101.641073967777,6.29843329903737,0.00114273092907637
"180",-0.554006460714951,0.15864531871949,0.770170153120241,0,0,-0.0105639930357615,-0.0342330234086175,0,0.0550371823125336,9,-41.084616579392,101.64464299485,6.30200232610957,0.00114069352869027
"74",-0.457959218727428,0.151725421619597,0,0,-0.037965148075683,0,0,0.0211551822951435,0,7,-43.390909803971,101.685045414394,6.3424047456537,0.00111788133219332
"256",-0.513027425973231,0.157464588500355,0.981850417857075,0.0863043508458482,-0.0736120712935521,-0.0459498037706737,-0.0287863582271093,0.0934794113934971,0.108738911280579,12,-37.542680505241,101.707209749978,6.36456908123778,0.00110556117680382
"110",-0.461208900092132,0.172072079881833,0,0.0921011792429073,-0.0574662331816731,0,-0.0307570352294648,0.0121425435583822,0,9,-41.1306553355386,101.736720507143,6.39407983840275,0.0010893679653759
"93",-0.393772563406857,0,0,0.0986827604194201,-0.0465167797313396,-0.0570789928520575,0,0.0297712802360305,0,8,-42.2864925047391,101.743716716795,6.40107604805529,0.00108556389942847
"25",-0.4325496296161,0,0,0,-0.0337489330630079,-0.0138092119416807,0,0,0,6,-44.5384953241846,101.748990648369,6.40634997962923,0.0010827050755331
"218",-0.377645495153701,0.142100382629274,0,0,-0.0397922451974911,-0.00288176585433316,0,0.108204582741335,0.12870092100617,9,-41.1374845419959,101.750378920057,6.40773825131731,0.00108195379190826
"82",-0.45251727061025,0.148103881846687,0,0,0,-0.0114389682345038,0,0.023167324010523,0,7,-43.4786837879662,101.860593382384,6.51795271364398,0.00102394339028507
"26",-0.458372838073977,0.156183425686254,0,0,-0.0396714708927735,-0.00709026347394346,0,0,0,7,-43.485354899734,101.87393560592,6.53129493717958,0.00101713528355387
"170",-0.439946926386013,0.163046644760754,0,0,-0.0469775834054146,0,-0.0364107847158968,0,0.0587277763013942,8,-42.38377712052,101.938285948357,6.59564527961696,0.000984929670544055
"251",-0.494581829349731,0,0.982221570843373,0,-0.0531323106935339,-0.01857800861334,-0.0271208315020278,0.119076377569532,0.131235953763336,10,-40.0948954861896,102.007972790561,6.66533212182097,0.000951202351066339
"169",-0.418349816212689,0,0,0,-0.0403360381361154,0,-0.0358997148422446,0,0.0563242903105209,7,-43.5542423566177,102.011710519687,6.66906985094708,0.000949426342776528
"109",-0.435136255552394,0,0,0.0855951953282886,-0.0490077794517449,0,-0.0295044338443191,0.0231552907727698,0,8,-42.4331392632544,102.037010233826,6.69436956508584,0.00093749187901742
"107",-0.572497354253481,0,0.912054253760822,0,-0.0533729065184802,0,-0.0319309637987216,0.0305314553686053,0,8,-42.4573368676335,102.085405442584,6.7427647738441,0.000915079082997797
"191",-0.520355131543508,0,0.876111325339917,0.0909974400773933,-0.0720171565272145,-0.0514809235109692,-0.036742572121994,0,0.0434523840864452,10,-40.1791153972629,102.176412612708,6.83377194396758,0.000874372867021634
"177",-0.414231601859091,0,0,0,0,-0.0158154197756031,-0.0373355821864528,0,0.0544522709513223,7,-43.639607789577,102.182441385606,6.83980071686564,0.000871741137817082
"178",-0.440541952457913,0.159485987121977,0,0,0,-0.00860132845733734,-0.036608355161262,0,0.0572099599007654,8,-42.531687132436,102.234105972189,6.8914653034491,0.000849510436283749
"108",-0.596982942855375,0.155098604052041,0.91719502551493,0,-0.0607191701547975,0,-0.033280061827502,0.02327293424719,0,9,-41.4083107160262,102.292031268118,6.94939059937798,0.000825259249079376
"115",-0.54442391454862,0,0.830490194112342,0,0,-0.0291043078657631,-0.0348739713260257,0.0340610933350806,0,8,-42.5628816453391,102.296494997995,6.95385432925528,0.000823419435767181
"190",-0.412692130443907,0.180376782220585,0,0.0980489086745306,-0.0615508807313707,-0.0453614912733557,-0.037221175416573,0,0.0498003638016883,10,-40.2447817121096,102.307745242401,6.96510457366102,0.00081880060374314
